[{"key":"sb","value":"UqOTaABb7LZqMMQrZLIa16b6","domain":"facebook.com","path":"/","hostOnly":false,"creation":"2025-09-20T00:47:53.663Z","lastAccessed":"2025-09-20T00:47:53.663Z"},{"key":"wd","value":"1366x633","domain":"facebook.com","path":"/","hostOnly":false,"creation":"2025-09-20T00:47:53.663Z","lastAccessed":"2025-09-20T00:47:53.663Z"},{"key":"datr","value":"vkLMaFkPlTI053l-RshT6pft","domain":"facebook.com","path":"/","hostOnly":false,"creation":"2025-09-20T00:47:53.663Z","lastAccessed":"2025-09-20T00:47:53.663Z"},{"key":"ps_l","value":"1","domain":"facebook.com","path":"/","hostOnly":false,"creation":"2025-09-20T00:47:53.663Z","lastAccessed":"2025-09-20T00:47:53.663Z"},{"key":"ps_n","value":"1","domain":"facebook.com","path":"/","hostOnly":false,"creation":"2025-09-20T00:47:53.663Z","lastAccessed":"2025-09-20T00:47:53.663Z"},{"key":"c_user","value":"100053706995870","domain":"facebook.com","path":"/","hostOnly":false,"creation":"2025-09-20T00:47:53.663Z","lastAccessed":"2025-09-20T00:47:53.663Z"},{"key":"fr","value":"1oQdeWJWeg1heoi4Z.AWerOygbtUEO8SBiC0HcHOhZa3oFbACrmDtZip9HA0Xu1M6IhXA.BozeYm..AAA.0.0.BozeYm.AWcf0KcwExHkiEt8gNg0NdP0RRc","domain":"facebook.com","path":"/","hostOnly":false,"creation":"2025-09-20T00:47:53.663Z","lastAccessed":"2025-09-20T00:47:53.663Z"},{"key":"xs","value":"14:2XFlEjPoMtp3cg:2:1758324253:-1:-1::AcUatECojycPXADp1G4VRKFFe7rM5hJOi_2C4y7Rsw","domain":"facebook.com","path":"/","hostOnly":false,"creation":"2025-09-20T00:47:53.663Z","lastAccessed":"2025-09-20T00:47:53.663Z"},{"key":"presence","value":"C%7B%22lm3%22%3A%22g.9598861846844715%22%2C%22t3%22%3A%5B%5D%2C%22utc3%22%3A1758325506091%2C%22v%22%3A1%7D","domain":"facebook.com","path":"/","hostOnly":false,"creation":"2025-09-20T00:47:53.664Z","lastAccessed":"2025-09-20T00:47:53.664Z"}]