[{"key":"ps_n","value":"1","domain":"facebook.com","path":"/","hostOnly":false,"creation":"2025-09-19T23:44:59.813Z","lastAccessed":"2025-09-19T23:44:59.813Z"},{"key":"pas","value":"61572826502423:pGtlu89EGW","domain":"facebook.com","path":"/","hostOnly":false,"creation":"2025-09-19T23:44:59.813Z","lastAccessed":"2025-09-19T23:44:59.813Z"},{"key":"fr","value":"0Z1HcACGhjSbQ8XOm.AWfZu7m7pbVGhYFfKoFdmHAJVB-dccNhqt9drF4ftEWUdtsBnls.BozDNL..AAA.0.0.BozDNx.AWfUeJt5Sus_7z6Un6VCfExe1Js","domain":"facebook.com","path":"/","hostOnly":false,"creation":"2025-09-19T23:44:59.813Z","lastAccessed":"2025-09-19T23:44:59.813Z"},{"key":"m_pixel_ratio","value":"3","domain":"facebook.com","path":"/","hostOnly":false,"creation":"2025-09-19T23:44:59.813Z","lastAccessed":"2025-09-19T23:44:59.813Z"},{"key":"locale","value":"en_GB","domain":"facebook.com","path":"/","hostOnly":false,"creation":"2025-09-19T23:44:59.813Z","lastAccessed":"2025-09-19T23:44:59.813Z"},{"key":"xs","value":"32:vygRnpXbkyy6XQ:2:1758212967:-1:-1","domain":"facebook.com","path":"/","hostOnly":false,"creation":"2025-09-19T23:44:59.813Z","lastAccessed":"2025-09-19T23:44:59.813Z"},{"key":"ps_l","value":"1","domain":"facebook.com","path":"/","hostOnly":false,"creation":"2025-09-19T23:44:59.813Z","lastAccessed":"2025-09-19T23:44:59.813Z"},{"key":"wl_cbv","value":"v2%3Bclient_version%3A2926%3Btimestamp%3A1758212974","domain":"facebook.com","path":"/","hostOnly":false,"creation":"2025-09-19T23:44:59.813Z","lastAccessed":"2025-09-19T23:44:59.813Z"},{"key":"c_user","value":"61572826502423","domain":"facebook.com","path":"/","hostOnly":false,"creation":"2025-09-19T23:44:59.813Z","lastAccessed":"2025-09-19T23:44:59.813Z"},{"key":"sb","value":"SzPMaJd0ct7ufWqRPGKJ26NH","domain":"facebook.com","path":"/","hostOnly":false,"creation":"2025-09-19T23:44:59.813Z","lastAccessed":"2025-09-19T23:44:59.813Z"},{"key":"wd","value":"360x820","domain":"facebook.com","path":"/","hostOnly":false,"creation":"2025-09-19T23:44:59.813Z","lastAccessed":"2025-09-19T23:44:59.813Z"},{"key":"datr","value":"SzPMaO9D1LuvKep4LJWA4AJX","domain":"facebook.com","path":"/","hostOnly":false,"creation":"2025-09-19T23:44:59.813Z","lastAccessed":"2025-09-19T23:44:59.813Z"}]