[
  {
    "key": "fbl_st",
    "value": "100734430%3BT%3A29285193",
    "domain": ".facebook.com",
    "path": "/",
    "hostOnly": false,
    "creation": "2025-09-05T22:49:55.534Z",
    "lastAccessed": "2025-09-05T22:49:55.534Z"
  },
  {
    "key": "xs",
    "value": "19%3ApKqyFi_tonXQ-A%3A2%3A1757111618%3A-1%3A-1",
    "domain": ".facebook.com",
    "path": "/",
    "hostOnly": false,
    "creation": "2025-09-05T22:49:55.534Z",
    "lastAccessed": "2025-09-05T22:49:55.534Z"
  },
  {
    "key": "vpd",
    "value": "v1%3B690x411x2.625",
    "domain": ".facebook.com",
    "path": "/",
    "hostOnly": false,
    "creation": "2025-09-05T22:49:55.534Z",
    "lastAccessed": "2025-09-05T22:49:55.534Z"
  },
  {
    "key": "c_user",
    "value": "61579163911754",
    "domain": ".facebook.com",
    "path": "/",
    "hostOnly": false,
    "creation": "2025-09-05T22:49:55.534Z",
    "lastAccessed": "2025-09-05T22:49:55.534Z"
  },
  {
    "key": "fr",
    "value": "0nIS5WM0cSHLv9Iii.AWcTNYsSLJu9tTXiOVMnN33dYGO4uexZ5srfQa-JwuC_MafXHqM.Boui-k..AAA.0.0.Bou2VE.AWcLjI36hHE7DHXfdaGw0Emc_3U",
    "domain": ".facebook.com",
    "path": "/",
    "hostOnly": false,
    "creation": "2025-09-05T22:49:55.534Z",
    "lastAccessed": "2025-09-05T22:49:55.534Z"
  },
  {
    "key": "pas",
    "value": "61579163911754%3AdUr2RmRAwj",
    "domain": ".facebook.com",
    "path": "/",
    "hostOnly": false,
    "creation": "2025-09-05T22:49:55.534Z",
    "lastAccessed": "2025-09-05T22:49:55.534Z"
  },
  {
    "key": "ps_n",
    "value": "1",
    "domain": ".facebook.com",
    "path": "/",
    "hostOnly": false,
    "creation": "2025-09-05T22:49:55.534Z",
    "lastAccessed": "2025-09-05T22:49:55.534Z"
  },
  {
    "key": "sb",
    "value": "pC-6aPRSyx0EApW4gNZHOpsR",
    "domain": ".facebook.com",
    "path": "/",
    "hostOnly": false,
    "creation": "2025-09-05T22:49:55.534Z",
    "lastAccessed": "2025-09-05T22:49:55.534Z"
  },
  {
    "key": "m_pixel_ratio",
    "value": "2.625",
    "domain": ".facebook.com",
    "path": "/",
    "hostOnly": false,
    "creation": "2025-09-05T22:49:55.534Z",
    "lastAccessed": "2025-09-05T22:49:55.534Z"
  },
  {
    "key": "locale",
    "value": "en_GB",
    "domain": ".facebook.com",
    "path": "/",
    "hostOnly": false,
    "creation": "2025-09-05T22:49:55.534Z",
    "lastAccessed": "2025-09-05T22:49:55.534Z"
  },
  {
    "key": "wd",
    "value": "412x915",
    "domain": ".facebook.com",
    "path": "/",
    "hostOnly": false,
    "creation": "2025-09-05T22:49:55.534Z",
    "lastAccessed": "2025-09-05T22:49:55.534Z"
  },
  {
    "key": "wl_cbv",
    "value": "v2%3Bclient_version%3A2914%3Btimestamp%3A1757111620",
    "domain": ".facebook.com",
    "path": "/",
    "hostOnly": false,
    "creation": "2025-09-05T22:49:55.534Z",
    "lastAccessed": "2025-09-05T22:49:55.534Z"
  },
  {
    "key": "ps_l",
    "value": "1",
    "domain": ".facebook.com",
    "path": "/",
    "hostOnly": false,
    "creation": "2025-09-05T22:49:55.534Z",
    "lastAccessed": "2025-09-05T22:49:55.534Z"
  },
  {
    "key": "datr",
    "value": "pC-6aPppCnLk7mFdQhHE3AAF",
    "domain": ".facebook.com",
    "path": "/",
    "hostOnly": false,
    "creation": "2025-09-05T22:49:55.534Z",
    "lastAccessed": "2025-09-05T22:49:55.534Z"
  }
]